calidris_pugnax	Calidris pugnax	Calidris	Scolopacidae	Charadriiformes	Aves	Chordata
melopsittacus_undulatus	Melopsittacus undulatus	Melopsittacus	Psittaculidae	Psittaciformes	Aves	Chordata
geospiza_fortis	Geospiza fortis	Geospiza	Thraupidae	Passeriformes	Aves	Chordata
ficedula_albicollis	Ficedula albicollis	Ficedula	Muscicapidae	Passeriformes	Aves	Chordata
poecilia_mexicana	Poecilia mexicana	Poecilia	Poeciliidae	Cyprinodontiformes	Actinopteri	Chordata
sinocyclocheilus_grahami	Sinocyclocheilus grahami	Sinocyclocheilus	Cyprinidae	Cypriniformes	Actinopteri	Chordata
sparus_aurata	Sparus aurata	Sparus	Sparidae	Spariformes	Actinopteri	Chordata
chinchilla_lanigera	Chinchilla lanigera	Chinchilla	Chinchillidae	Rodentia	Mammalia	Chordata
mus_caroli	Mus caroli	Mus	Muridae	Rodentia	Mammalia	Chordata
anas_platyrhynchos	Anas platyrhynchos	Anas	Anatidae	Anseriformes	Aves	Chordata
camarhynchus_parvulus	Camarhynchus parvulus	Camarhynchus	Thraupidae	Passeriformes	Aves	Chordata
caenorhabditis_elegans	Caenorhabditis elegans	Caenorhabditis	Rhabditidae	Rhabditida	Chromadorea	Nematoda
strix_occidentalis_caurina	Strix occidentalis caurina	Strix	Strigidae	Strigiformes	Aves	Chordata
petromyzon_marinus	Petromyzon marinus	Petromyzon	Petromyzontidae	Petromyzontiformes	Hyperoartia	Chordata
fundulus_heteroclitus	Fundulus heteroclitus	Fundulus	Fundulidae	Cyprinodontiformes	Actinopteri	Chordata
hippocampus_comes	Hippocampus comes	Hippocampus	Syngnathidae	Syngnathiformes	Actinopteri	Chordata
lates_calcarifer	Lates calcarifer	Lates	Centropomidae	NA	Actinopteri	Chordata
naja_naja	Naja naja	Naja	Elapidae	Squamata	Lepidosauria	Chordata
periophthalmus_magnuspinnatus	Periophthalmus magnuspinnatus	Periophthalmus	Gobiidae	Gobiiformes	Actinopteri	Chordata
otus_sunia	Otus sunia	Otus	Strigidae	Strigiformes	Aves	Chordata
ciona_intestinalis	Ciona intestinalis	Ciona	Cionidae	Enterogona	Ascidiacea	Chordata
canis_lupus_dingo	Canis lupus dingo	Canis	Canidae	Carnivora	Mammalia	Chordata
struthio_camelus_australis	Struthio camelus australis	Struthio	Struthionidae	Struthioniformes	Aves	Chordata
phasianus_colchicus	Phasianus colchicus	Phasianus	Phasianidae	Galliformes	Aves	Chordata
monodelphis_domestica	Monodelphis domestica	Monodelphis	Didelphidae	Didelphimorphia	Mammalia	Chordata
sphenodon_punctatus	Sphenodon punctatus	Sphenodon	Sphenodontidae	Sphenodontia	Lepidosauria	Chordata
cottoperca_gobio	Cottoperca gobio	Cottoperca	Bovichtidae	Perciformes	Actinopteri	Chordata
haplochromis_burtoni	Haplochromis burtoni	Haplochromis	Cichlidae	Cichliformes	Actinopteri	Chordata
pan_paniscus	Pan paniscus	Pan	Hominidae	Primates	Mammalia	Chordata
bos_taurus	Bos taurus	Bos	Bovidae	Artiodactyla	Mammalia	Chordata
oryzias_latipes	Oryzias latipes	Oryzias	Adrianichthyidae	Beloniformes	Actinopteri	Chordata
rhinolophus_ferrumequinum	Rhinolophus ferrumequinum	Rhinolophus	Rhinolophidae	Chiroptera	Mammalia	Chordata
sinocyclocheilus_anshuiensis	Sinocyclocheilus anshuiensis	Sinocyclocheilus	Cyprinidae	Cypriniformes	Actinopteri	Chordata
gasterosteus_aculeatus	Gasterosteus aculeatus	Gasterosteus	Gasterosteidae	Perciformes	Actinopteri	Chordata
vicugna_pacos	Vicugna pacos	Vicugna	Camelidae	Artiodactyla	Mammalia	Chordata
denticeps_clupeoides	Denticeps clupeoides	Denticeps	Denticipitidae	Clupeiformes	Actinopteri	Chordata
cercocebus_atys	Cercocebus atys	Cercocebus	Cercopithecidae	Primates	Mammalia	Chordata
ciona_savignyi	Ciona savignyi	Ciona	Cionidae	Enterogona	Ascidiacea	Chordata
spermophilus_dauricus	Spermophilus dauricus	Spermophilus	Sciuridae	Rodentia	Mammalia	Chordata
macaca_fascicularis	Macaca fascicularis	Macaca	Cercopithecidae	Primates	Mammalia	Chordata
danio_rerio	Danio rerio	Danio	Cyprinidae	Cypriniformes	Actinopteri	Chordata
oryctolagus_cuniculus	Oryctolagus cuniculus	Oryctolagus	Leporidae	Lagomorpha	Mammalia	Chordata
bos_mutus	Bos mutus	Bos	Bovidae	Artiodactyla	Mammalia	Chordata
stegastes_partitus	Stegastes partitus	Stegastes	Pomacentridae	NA	Actinopteri	Chordata
laticauda_laticaudata	Laticauda laticaudata	Laticauda	Elapidae	Squamata	Lepidosauria	Chordata
cricetulus_griseus_chok1gshd	Cricetulus griseus	Cricetulus	Cricetidae	Rodentia	Mammalia	Chordata
buteo_japonicus	Buteo japonicus	Buteo	Accipitridae	Accipitriformes	Aves	Chordata
mesocricetus_auratus	Mesocricetus auratus	Mesocricetus	Cricetidae	Rodentia	Mammalia	Chordata
apteryx_owenii	Apteryx owenii	Apteryx	Apterygidae	Apterygiformes	Aves	Chordata
canis_lupus_familiarisgreatdane	Canis lupus familiaris	Canis	Canidae	Carnivora	Mammalia	Chordata
anser_cygnoides	Anser cygnoides	Anser	Anatidae	Anseriformes	Aves	Chordata
sorex_araneus	Sorex araneus	Sorex	Soricidae	Eulipotyphla	Mammalia	Chordata
maylandia_zebra	Maylandia zebra	Maylandia	Cichlidae	Cichliformes	Actinopteri	Chordata
microtus_ochrogaster	Microtus ochrogaster	Microtus	Cricetidae	Rodentia	Mammalia	Chordata
theropithecus_gelada	Theropithecus gelada	Theropithecus	Cercopithecidae	Primates	Mammalia	Chordata
parambassis_ranga	Parambassis ranga	Parambassis	Ambassidae	NA	Actinopteri	Chordata
carlito_syrichta	Carlito syrichta	Carlito	Tarsiidae	Primates	Mammalia	Chordata
malurus_cyaneus_samueli	Malurus cyaneus samueli	Malurus	Maluridae	Passeriformes	Aves	Chordata
otolemur_garnettii	Otolemur garnettii	Otolemur	Galagidae	Primates	Mammalia	Chordata
astyanax_mexicanus	Astyanax mexicanus	Astyanax	Characidae	Characiformes	Actinopteri	Chordata
macaca_mulatta	Macaca mulatta	Macaca	Cercopithecidae	Primates	Mammalia	Chordata
oreochromis_niloticus	Oreochromis niloticus	Oreochromis	Cichlidae	Cichliformes	Actinopteri	Chordata
myripristis_murdjan	Myripristis murdjan	Myripristis	Holocentridae	Holocentriformes	Actinopteri	Chordata
parus_major	Parus major	Parus	Paridae	Passeriformes	Aves	Chordata
procavia_capensis	Procavia capensis	Procavia	Procaviidae	Hyracoidea	Mammalia	Chordata
cyprinodon_variegatus	Cyprinodon variegatus	Cyprinodon	Cyprinodontidae	Cyprinodontiformes	Actinopteri	Chordata
callorhinchus_milii	Callorhinchus milii	Callorhinchus	Callorhinchidae	Chimaeriformes	Chondrichthyes	Chordata
catagonus_wagneri	Catagonus wagneri	Catagonus	Tayassuidae	Artiodactyla	Mammalia	Chordata
gopherus_agassizii	Gopherus agassizii	Gopherus	Testudinidae	Testudines	NA	Chordata
amphiprion_percula	Amphiprion percula	Amphiprion	Pomacentridae	NA	Actinopteri	Chordata
acanthochromis_polyacanthus	Acanthochromis polyacanthus	Acanthochromis	Pomacentridae	NA	Actinopteri	Chordata
zonotrichia_albicollis	Zonotrichia albicollis	Zonotrichia	Passerellidae	Passeriformes	Aves	Chordata
rhinopithecus_bieti	Rhinopithecus bieti	Rhinopithecus	Cercopithecidae	Primates	Mammalia	Chordata
podarcis_muralis	Podarcis muralis	Podarcis	Lacertidae	Squamata	Lepidosauria	Chordata
phocoena_sinus	Phocoena sinus	Phocoena	Phocoenidae	Artiodactyla	Mammalia	Chordata
pteropus_vampyrus	Pteropus vampyrus	Pteropus	Pteropodidae	Chiroptera	Mammalia	Chordata
meleagris_gallopavo	Meleagris gallopavo	Meleagris	Phasianidae	Galliformes	Aves	Chordata
myotis_lucifugus	Myotis lucifugus	Myotis	Vespertilionidae	Chiroptera	Mammalia	Chordata
xiphophorus_couchianus	Xiphophorus couchianus	Xiphophorus	Poeciliidae	Cyprinodontiformes	Actinopteri	Chordata
cyclopterus_lumpus	Cyclopterus lumpus	Cyclopterus	Cyclopteridae	Perciformes	Actinopteri	Chordata
amphiprion_ocellaris	Amphiprion ocellaris	Amphiprion	Pomacentridae	NA	Actinopteri	Chordata
erinaceus_europaeus	Erinaceus europaeus	Erinaceus	Erinaceidae	Eulipotyphla	Mammalia	Chordata
salarias_fasciatus	Salarias fasciatus	Salarias	Blenniidae	Blenniiformes	Actinopteri	Chordata
chelonoidis_abingdonii	Chelonoidis abingdonii	Chelonoidis	Testudinidae	Testudines	NA	Chordata
pundamilia_nyererei	Pundamilia nyererei	Pundamilia	Cichlidae	Cichliformes	Actinopteri	Chordata
scophthalmus_maximus	Scophthalmus maximus	Scophthalmus	Scophthalmidae	Pleuronectiformes	Actinopteri	Chordata
panthera_leo	Panthera leo	Panthera	Felidae	Carnivora	Mammalia	Chordata
oryzias_javanicus	Oryzias javanicus	Oryzias	Adrianichthyidae	Beloniformes	Actinopteri	Chordata
echinops_telfairi	Echinops telfairi	Echinops	Tenrecidae	NA	Mammalia	Chordata
cebus_capucinus	Cebus capucinus imitator	Cebus	Cebidae	Primates	Mammalia	Chordata
bison_bison_bison	Bison bison bison	Bison	Bovidae	Artiodactyla	Mammalia	Chordata
dipodomys_ordii	Dipodomys ordii	Dipodomys	Heteromyidae	Rodentia	Mammalia	Chordata
heterocephalus_glaber_male	Heterocephalus glaber	Heterocephalus	Bathyergidae	Rodentia	Mammalia	Chordata
physeter_catodon	Physeter catodon	Physeter	Physeteridae	Artiodactyla	Mammalia	Chordata
rattus_norvegicus	Rattus norvegicus	Rattus	Muridae	Rodentia	Mammalia	Chordata
pseudonaja_textilis	Pseudonaja textilis	Pseudonaja	Elapidae	Squamata	Lepidosauria	Chordata
cyprinus_carpio_hebaored	Cyprinus carpio	Cyprinus	Cyprinidae	Cypriniformes	Actinopteri	Chordata
cyprinus_carpio	Cyprinus carpio	Cyprinus	Cyprinidae	Cypriniformes	Actinopteri	Chordata
ornithorhynchus_anatinus	Ornithorhynchus anatinus	Ornithorhynchus	Ornithorhynchidae	Monotremata	Mammalia	Chordata
hucho_hucho	Hucho hucho	Hucho	Salmonidae	Salmoniformes	Actinopteri	Chordata
nothobranchius_furzeri	Nothobranchius furzeri	Nothobranchius	Nothobranchiidae	Cyprinodontiformes	Actinopteri	Chordata
notechis_scutatus	Notechis scutatus	Notechis	Elapidae	Squamata	Lepidosauria	Chordata
coturnix_japonica	Coturnix japonica	Coturnix	Phasianidae	Galliformes	Aves	Chordata
heterocephalus_glaber_female	Heterocephalus glaber	Heterocephalus	Bathyergidae	Rodentia	Mammalia	Chordata
papio_anubis	Papio anubis	Papio	Cercopithecidae	Primates	Mammalia	Chordata
eptatretus_burgeri	Eptatretus burgeri	Eptatretus	Myxinidae	Myxiniformes	Myxini	Chordata
pavo_cristatus	Pavo cristatus	Pavo	Phasianidae	Galliformes	Aves	Chordata
zalophus_californianus	Zalophus californianus	Zalophus	Otariidae	Carnivora	Mammalia	Chordata
chlorocebus_sabaeus	Chlorocebus sabaeus	Chlorocebus	Cercopithecidae	Primates	Mammalia	Chordata
marmota_marmota_marmota	Marmota marmota marmota	Marmota	Sciuridae	Rodentia	Mammalia	Chordata
canis_lupus_familiaris	Canis lupus familiaris	Canis	Canidae	Carnivora	Mammalia	Chordata
oryzias_latipes_hni	Oryzias latipes	Oryzias	Adrianichthyidae	Beloniformes	Actinopteri	Chordata
ursus_maritimus	Ursus maritimus	Ursus	Ursidae	Carnivora	Mammalia	Chordata
clupea_harengus	Clupea harengus	Clupea	Clupeidae	Clupeiformes	Actinopteri	Chordata
aquila_chrysaetos_chrysaetos	Aquila chrysaetos chrysaetos	Aquila	Accipitridae	Accipitriformes	Aves	Chordata
cavia_aperea	Cavia aperea	Cavia	Caviidae	Rodentia	Mammalia	Chordata
pelodiscus_sinensis	Pelodiscus sinensis	Pelodiscus	Trionychidae	Testudines	NA	Chordata
labrus_bergylta	Labrus bergylta	Labrus	Labridae	Labriformes	Actinopteri	Chordata
colobus_angolensis_palliatus	Colobus angolensis palliatus	Colobus	Cercopithecidae	Primates	Mammalia	Chordata
oncorhynchus_kisutch	Oncorhynchus kisutch	Oncorhynchus	Salmonidae	Salmoniformes	Actinopteri	Chordata
nothoprocta_perdicaria	Nothoprocta perdicaria	Nothoprocta	Tinamidae	Tinamiformes	Aves	Chordata
equus_asinus_asinus	Equus asinus asinus	Equus	Equidae	Perissodactyla	Mammalia	Chordata
oryzias_latipes_hsok	Oryzias latipes	Oryzias	Adrianichthyidae	Beloniformes	Actinopteri	Chordata
monopterus_albus	Monopterus albus	Monopterus	Synbranchidae	Synbranchiformes	Actinopteri	Chordata
echeneis_naucrates	Echeneis naucrates	Echeneis	Echeneidae	Carangiformes	Actinopteri	Chordata
drosophila_melanogaster	Drosophila melanogaster	Drosophila	Drosophilidae	Diptera	Insecta	Arthropoda
bos_grunniens	Bos grunniens	Bos	Bovidae	Artiodactyla	Mammalia	Chordata
manacus_vitellinus	Manacus vitellinus	Manacus	Pipridae	Passeriformes	Aves	Chordata
prolemur_simus	Prolemur simus	Prolemur	Lemuridae	Primates	Mammalia	Chordata
esox_lucius	Esox lucius	Esox	Esocidae	Esociformes	Actinopteri	Chordata
cairina_moschata_domestica	Cairina moschata domestica	Cairina	Anatidae	Anseriformes	Aves	Chordata
chelydra_serpentina	Chelydra serpentina	Chelydra	Chelydridae	Testudines	NA	Chordata
dromaius_novaehollandiae	Dromaius novaehollandiae	Dromaius	Dromaiidae	Casuariiformes	Aves	Chordata
lepidothrix_coronata	Lepidothrix coronata	Lepidothrix	Pipridae	Passeriformes	Aves	Chordata
dasypus_novemcinctus	Dasypus novemcinctus	Dasypus	Dasypodidae	Cingulata	Mammalia	Chordata
ursus_thibetanus_thibetanus	Ursus thibetanus thibetanus	Ursus	Ursidae	Carnivora	Mammalia	Chordata
capra_hircus	Capra hircus	Capra	Bovidae	Artiodactyla	Mammalia	Chordata
strigops_habroptila	Strigops habroptila	Strigops	Psittacidae	Psittaciformes	Aves	Chordata
castor_canadensis	Castor canadensis	Castor	Castoridae	Rodentia	Mammalia	Chordata
notamacropus_eugenii	Notamacropus eugenii	Notamacropus	Macropodidae	Diprotodontia	Mammalia	Chordata
macaca_nemestrina	Macaca nemestrina	Macaca	Cercopithecidae	Primates	Mammalia	Chordata
pongo_abelii	Pongo abelii	Pongo	Hominidae	Primates	Mammalia	Chordata
sciurus_vulgaris	Sciurus vulgaris	Sciurus	Sciuridae	Rodentia	Mammalia	Chordata
pygocentrus_nattereri	Pygocentrus nattereri	Pygocentrus	Serrasalmidae	Characiformes	Actinopteri	Chordata
aotus_nancymaae	Aotus nancymaae	Aotus	Aotidae	Primates	Mammalia	Chordata
stachyris_ruficeps	Cyanoderma ruficeps	Cyanoderma	Timaliidae	Passeriformes	Aves	Chordata
anabas_testudineus	Anabas testudineus	Anabas	Anabantidae	Anabantiformes	Actinopteri	Chordata
mus_spicilegus	Mus spicilegus	Mus	Muridae	Rodentia	Mammalia	Chordata
cervus_hanglu_yarkandensis	Cervus hanglu yarkandensis	Cervus	Cervidae	Artiodactyla	Mammalia	Chordata
salmo_salar	Salmo salar	Salmo	Salmonidae	Salmoniformes	Actinopteri	Chordata
fukomys_damarensis	Fukomys damarensis	Fukomys	Bathyergidae	Rodentia	Mammalia	Chordata
mastacembelus_armatus	Mastacembelus armatus	Mastacembelus	Mastacembelidae	Synbranchiformes	Actinopteri	Chordata
nannospalax_galili	Nannospalax galili	Nannospalax	Spalacidae	Rodentia	Mammalia	Chordata
sander_lucioperca	Sander lucioperca	Sander	Percidae	Perciformes	Actinopteri	Chordata
zosterops_lateralis_melanops	Zosterops lateralis melanops	Zosterops	Zosteropidae	Passeriformes	Aves	Chordata
larimichthys_crocea	Larimichthys crocea	Larimichthys	Sciaenidae	NA	Actinopteri	Chordata
erythrura_gouldiae	Erythrura gouldiae	Erythrura	Estrildidae	Passeriformes	Aves	Chordata
amazona_collaria	Amazona collaria	Amazona	Psittacidae	Psittaciformes	Aves	Chordata
xenopus_tropicalis	Xenopus tropicalis	Xenopus	Pipidae	Anura	Amphibia	Chordata
athene_cunicularia	Athene cunicularia	Athene	Strigidae	Strigiformes	Aves	Chordata
suricata_suricatta	Suricata suricatta	Suricata	Herpestidae	Carnivora	Mammalia	Chordata
ictidomys_tridecemlineatus	Ictidomys tridecemlineatus	Ictidomys	Sciuridae	Rodentia	Mammalia	Chordata
cricetulus_griseus_picr	Cricetulus griseus	Cricetulus	Cricetidae	Rodentia	Mammalia	Chordata
urocitellus_parryii	Urocitellus parryii	Urocitellus	Sciuridae	Rodentia	Mammalia	Chordata
loxodonta_africana	Loxodonta africana	Loxodonta	Elephantidae	Proboscidea	Mammalia	Chordata
mustela_putorius_furo	Mustela putorius furo	Mustela	Mustelidae	Carnivora	Mammalia	Chordata
microcebus_murinus	Microcebus murinus	Microcebus	Cheirogaleidae	Primates	Mammalia	Chordata
propithecus_coquereli	Propithecus coquereli	Propithecus	Indriidae	Primates	Mammalia	Chordata
gopherus_evgoodei	Gopherus evgoodei	Gopherus	Testudinidae	Testudines	NA	Chordata
paramormyrops_kingsleyae	Paramormyrops kingsleyae	Paramormyrops	Mormyridae	Osteoglossiformes	Actinopteri	Chordata
seriola_dumerili	Seriola dumerili	Seriola	Carangidae	Carangiformes	Actinopteri	Chordata
serinus_canaria	Serinus canaria	Serinus	Fringillidae	Passeriformes	Aves	Chordata
equus_caballus	Equus caballus	Equus	Equidae	Perissodactyla	Mammalia	Chordata
mola_mola	Mola mola	Mola	Molidae	Tetraodontiformes	Actinopteri	Chordata
latimeria_chalumnae	Latimeria chalumnae	Latimeria	Coelacanthidae	Coelacanthiformes	Coelacanthimorpha	Chordata
amphilophus_citrinellus	Amphilophus citrinellus	Amphilophus	Cichlidae	Cichliformes	Actinopteri	Chordata
balaenoptera_musculus	Balaenoptera musculus	Balaenoptera	Balaenopteridae	Artiodactyla	Mammalia	Chordata
oreochromis_aureus	Oreochromis aureus	Oreochromis	Cichlidae	Cichliformes	Actinopteri	Chordata
cyanistes_caeruleus	Cyanistes caeruleus	Cyanistes	Paridae	Passeriformes	Aves	Chordata
saimiri_boliviensis_boliviensis	Saimiri boliviensis boliviensis	Saimiri	Cebidae	Primates	Mammalia	Chordata
lonchura_striata_domestica	Lonchura striata domestica	Lonchura	Estrildidae	Passeriformes	Aves	Chordata
electrophorus_electricus	Electrophorus electricus	Electrophorus	Gymnotidae	Gymnotiformes	Actinopteri	Chordata
nomascus_leucogenys	Nomascus leucogenys	Nomascus	Hylobatidae	Primates	Mammalia	Chordata
poecilia_formosa	Poecilia formosa	Poecilia	Poeciliidae	Cyprinodontiformes	Actinopteri	Chordata
ailuropoda_melanoleuca	Ailuropoda melanoleuca	Ailuropoda	Ursidae	Carnivora	Mammalia	Chordata
felis_catus	Felis catus	Felis	Felidae	Carnivora	Mammalia	Chordata
phascolarctos_cinereus	Phascolarctos cinereus	Phascolarctos	Phascolarctidae	Diprotodontia	Mammalia	Chordata
neovison_vison	Neovison vison	Neovison	Mustelidae	Carnivora	Mammalia	Chordata
callithrix_jacchus	Callithrix jacchus	Callithrix	Cebidae	Primates	Mammalia	Chordata
jaculus_jaculus	Jaculus jaculus	Jaculus	Dipodidae	Rodentia	Mammalia	Chordata
sus_scrofa	Sus scrofa	Sus	Suidae	Artiodactyla	Mammalia	Chordata
cricetulus_griseus_crigri	Cricetulus griseus	Cricetulus	Cricetidae	Rodentia	Mammalia	Chordata
sphaeramia_orbicularis	Sphaeramia orbicularis	Sphaeramia	Apogonidae	Kurtiformes	Actinopteri	Chordata
betta_splendens	Betta splendens	Betta	Osphronemidae	Anabantiformes	Actinopteri	Chordata
canis_lupus_familiarisbasenji	Canis lupus familiaris	Canis	Canidae	Carnivora	Mammalia	Chordata
pelusios_castaneus	Pelusios castaneus	Pelusios	Pelomedusidae	Testudines	NA	Chordata
oryzias_melastigma	Oryzias melastigma	Oryzias	Adrianichthyidae	Beloniformes	Actinopteri	Chordata
seriola_lalandi_dorsalis	Seriola lalandi dorsalis	Seriola	Carangidae	Carangiformes	Actinopteri	Chordata
poecilia_reticulata	Poecilia reticulata	Poecilia	Poeciliidae	Cyprinodontiformes	Actinopteri	Chordata
salmo_trutta	Salmo trutta	Salmo	Salmonidae	Salmoniformes	Actinopteri	Chordata
anser_brachyrhynchus	Anser brachyrhynchus	Anser	Anatidae	Anseriformes	Aves	Chordata
meriones_unguiculatus	Meriones unguiculatus	Meriones	Muridae	Rodentia	Mammalia	Chordata
bubo_bubo	Bubo bubo	Bubo	Strigidae	Strigiformes	Aves	Chordata
neogobius_melanostomus	Neogobius melanostomus	Neogobius	Gobiidae	Gobiiformes	Actinopteri	Chordata
poecilia_latipinna	Poecilia latipinna	Poecilia	Poeciliidae	Cyprinodontiformes	Actinopteri	Chordata
moschus_moschiferus	Moschus moschiferus	Moschus	Moschidae	Artiodactyla	Mammalia	Chordata
cavia_porcellus	Cavia porcellus	Cavia	Caviidae	Rodentia	Mammalia	Chordata
gallus_gallus	Gallus gallus	Gallus	Phasianidae	Galliformes	Aves	Chordata
neolamprologus_brichardi	Neolamprologus brichardi	Neolamprologus	Cichlidae	Cichliformes	Actinopteri	Chordata
astatotilapia_calliptera	Astatotilapia calliptera	Astatotilapia	Cichlidae	Cichliformes	Actinopteri	Chordata
mus_musculus	Mus musculus	Mus	Muridae	Rodentia	Mammalia	Chordata
falco_tinnunculus	Falco tinnunculus	Falco	Falconidae	Falconiformes	Aves	Chordata
capra_hircus_blackbengal	Capra hircus	Capra	Bovidae	Artiodactyla	Mammalia	Chordata
ochotona_princeps	Ochotona princeps	Ochotona	Ochotonidae	Lagomorpha	Mammalia	Chordata
homo_sapiens	Homo sapiens	Homo	Hominidae	Primates	Mammalia	Chordata
leptobrachium_leishanense	Leptobrachium leishanense	Leptobrachium	Megophryidae	Anura	Amphibia	Chordata
sarcophilus_harrisii	Sarcophilus harrisii	Sarcophilus	Dasyuridae	Dasyuromorphia	Mammalia	Chordata
erpetoichthys_calabaricus	Erpetoichthys calabaricus	Erpetoichthys	Polypteridae	Polypteriformes	Cladistia	Chordata
bos_indicus_hybrid	Bos indicus x Bos taurus	Bos	Bovidae	Artiodactyla	Mammalia	Chordata
pogona_vitticeps	Pogona vitticeps	Pogona	Agamidae	Squamata	Lepidosauria	Chordata
tupaia_belangeri	Tupaia belangeri	Tupaia	Tupaiidae	Scandentia	Mammalia	Chordata
gambusia_affinis	Gambusia affinis	Gambusia	Poeciliidae	Cyprinodontiformes	Actinopteri	Chordata
varanus_komodoensis	Varanus komodoensis	Varanus	Varanidae	Squamata	Lepidosauria	Chordata
cyprinus_carpio_huanghe	Cyprinus carpio	Cyprinus	Cyprinidae	Cypriniformes	Actinopteri	Chordata
calidris_pygmaea	Calidris pygmaea	Calidris	Scolopacidae	Charadriiformes	Aves	Chordata
scleropages_formosus	Scleropages formosus	Scleropages	Osteoglossidae	Osteoglossiformes	Actinopteri	Chordata
chrysemys_picta_bellii	Chrysemys picta bellii	Chrysemys	Emydidae	Testudines	NA	Chordata
mandrillus_leucophaeus	Mandrillus leucophaeus	Mandrillus	Cercopithecidae	Primates	Mammalia	Chordata
vulpes_vulpes	Vulpes vulpes	Vulpes	Canidae	Carnivora	Mammalia	Chordata
carassius_auratus	Carassius auratus	Carassius	Cyprinidae	Cypriniformes	Actinopteri	Chordata
ovis_aries	Ovis aries	Ovis	Bovidae	Artiodactyla	Mammalia	Chordata
tursiops_truncatus	Tursiops truncatus	Tursiops	Delphinidae	Artiodactyla	Mammalia	Chordata
choloepus_hoffmanni	Choloepus hoffmanni	Choloepus	Megalonychidae	Pilosa	Mammalia	Chordata
mus_spretus	Mus spretus	Mus	Muridae	Rodentia	Mammalia	Chordata
chrysolophus_pictus	Chrysolophus pictus	Chrysolophus	Phasianidae	Galliformes	Aves	Chordata
gouania_willdenowi	Gouania willdenowi	Gouania	Gobiesocidae	Blenniiformes	Actinopteri	Chordata
ictalurus_punctatus	Ictalurus punctatus	Ictalurus	Ictaluridae	Siluriformes	Actinopteri	Chordata
octodon_degus	Octodon degus	Octodon	Octodontidae	Rodentia	Mammalia	Chordata
oncorhynchus_tshawytscha	Oncorhynchus tshawytscha	Oncorhynchus	Salmonidae	Salmoniformes	Actinopteri	Chordata
panthera_tigris_altaica	Panthera tigris altaica	Panthera	Felidae	Carnivora	Mammalia	Chordata
lynx_canadensis	Lynx canadensis	Lynx	Felidae	Carnivora	Mammalia	Chordata
vombatus_ursinus	Vombatus ursinus	Vombatus	Vombatidae	Diprotodontia	Mammalia	Chordata
takifugu_rubripes	Takifugu rubripes	Takifugu	Tetraodontidae	Tetraodontiformes	Actinopteri	Chordata
numida_meleagris	Numida meleagris	Numida	Numididae	Galliformes	Aves	Chordata
dicentrarchus_labrax	Dicentrarchus labrax	Dicentrarchus	Moronidae	NA	Actinopteri	Chordata
salvator_merianae	Salvator merianae	Salvator	Teiidae	Squamata	Lepidosauria	Chordata
cyprinus_carpio_germanmirror	Cyprinus carpio	Cyprinus	Cyprinidae	Cypriniformes	Actinopteri	Chordata
panthera_pardus	Panthera pardus	Panthera	Felidae	Carnivora	Mammalia	Chordata
sinocyclocheilus_rhinocerous	Sinocyclocheilus rhinocerous	Sinocyclocheilus	Cyprinidae	Cypriniformes	Actinopteri	Chordata
bos_taurus_hybrid	Bos indicus x Bos taurus	Bos	Bovidae	Artiodactyla	Mammalia	Chordata
xiphophorus_maculatus	Xiphophorus maculatus	Xiphophorus	Poeciliidae	Cyprinodontiformes	Actinopteri	Chordata
monodon_monoceros	Monodon monoceros	Monodon	Monodontidae	Artiodactyla	Mammalia	Chordata
ursus_americanus	Ursus americanus	Ursus	Ursidae	Carnivora	Mammalia	Chordata
anolis_carolinensis	Anolis carolinensis	Anolis	Dactyloidae	Squamata	Lepidosauria	Chordata
corvus_moneduloides	Corvus moneduloides	Corvus	Corvidae	Passeriformes	Aves	Chordata
taeniopygia_guttata	Taeniopygia guttata	Taeniopygia	Estrildidae	Passeriformes	Aves	Chordata
oryzias_sinensis	Oryzias sinensis	Oryzias	Adrianichthyidae	Beloniformes	Actinopteri	Chordata
apteryx_haastii	Apteryx haastii	Apteryx	Apterygidae	Apterygiformes	Aves	Chordata
astyanax_mexicanus_pachon	Astyanax mexicanus	Astyanax	Characidae	Characiformes	Actinopteri	Chordata
gorilla_gorilla	Gorilla gorilla gorilla	Gorilla	Hominidae	Primates	Mammalia	Chordata
terrapene_carolina_triunguis	Terrapene carolina triunguis	Terrapene	Emydidae	Testudines	NA	Chordata
kryptolebias_marmoratus	Kryptolebias marmoratus	Kryptolebias	Rivulidae	Cyprinodontiformes	Actinopteri	Chordata
crocodylus_porosus	Crocodylus porosus	Crocodylus	Crocodylidae	Crocodylia	NA	Chordata
anas_zonorhyncha	Anas zonorhyncha	Anas	Anatidae	Anseriformes	Aves	Chordata
ovis_aries_rambouillet	Ovis aries	Ovis	Bovidae	Artiodactyla	Mammalia	Chordata
gadus_morhua	Gadus morhua	Gadus	Gadidae	Gadiformes	Actinopteri	Chordata
peromyscus_maniculatus_bairdii	Peromyscus maniculatus bairdii	Peromyscus	Cricetidae	Rodentia	Mammalia	Chordata
pan_troglodytes	Pan troglodytes	Pan	Hominidae	Primates	Mammalia	Chordata
cynoglossus_semilaevis	Cynoglossus semilaevis	Cynoglossus	Cynoglossidae	Pleuronectiformes	Actinopteri	Chordata
catharus_ustulatus	Catharus ustulatus	Catharus	Turdidae	Passeriformes	Aves	Chordata
piliocolobus_tephrosceles	Piliocolobus tephrosceles	Piliocolobus	Cercopithecidae	Primates	Mammalia	Chordata
anas_platyrhynchos_platyrhynchos	Anas platyrhynchos platyrhynchos	Anas	Anatidae	Anseriformes	Aves	Chordata
oncorhynchus_mykiss	Oncorhynchus mykiss	Oncorhynchus	Salmonidae	Salmoniformes	Actinopteri	Chordata
lepisosteus_oculatus	Lepisosteus oculatus	Lepisosteus	Lepisosteidae	Semionotiformes	Actinopteri	Chordata
delphinapterus_leucas	Delphinapterus leucas	Delphinapterus	Monodontidae	Artiodactyla	Mammalia	Chordata
camelus_dromedarius	Camelus dromedarius	Camelus	Camelidae	Artiodactyla	Mammalia	Chordata
mus_pahari	Mus pahari	Mus	Muridae	Rodentia	Mammalia	Chordata
rhinopithecus_roxellana	Rhinopithecus roxellana	Rhinopithecus	Cercopithecidae	Primates	Mammalia	Chordata
tetraodon_nigroviridis	Tetraodon nigroviridis	Tetraodon	Tetraodontidae	Tetraodontiformes	Actinopteri	Chordata
apteryx_rowi	Apteryx rowi	Apteryx	Apterygidae	Apterygiformes	Aves	Chordata
junco_hyemalis	Junco hyemalis	Junco	Passerellidae	Passeriformes	Aves	Chordata
accipiter_nisus	Accipiter nisus	Accipiter	Accipitridae	Accipitriformes	Aves	Chordata
